{
  "train_accuracy": 0.9413604378420641,
  "train_precision": 0.9538002980625931,
  "train_recall": 0.935672514619883,
  "train_f1": 0.9446494464944649,
  "train_auc": 0.9928989139515456,
  "test_accuracy": 0.790625,
  "test_precision": 0.8209876543209876,
  "test_recall": 0.7777777777777778,
  "test_f1": 0.7987987987987988,
  "test_auc": 0.8792731268888103,
  "accuracy_gap": 0.1507354378420641,
  "cv_accuracy_mean": 0.7865747549019607,
  "cv_accuracy_std": 0.021138956810400053
}